TumorSen,TumorSpec,WallSen,WallSpec
0.8461081385612488,0.9994055032730103,0.9034620523452759,0.9957439303398132
nan,0.9894599914550781,0.5034386515617371,0.9979749917984009
0.0,1.0,0.8890625238418579,0.9953432679176331
nan,1.0,0.7040314674377441,0.9988170266151428
nan,1.0,0.9823943376541138,0.9993335604667664
nan,1.0,0.970811665058136,0.9994145631790161
nan,1.0,0.8501421809196472,0.9955336451530457
0.9449877738952637,0.9973886609077454,0.7786885499954224,0.9963048696517944
nan,1.0,0.9768421053886414,0.995892345905304
0.9254267811775208,0.9990391135215759,0.9549116492271423,0.993912935256958
0.9119496941566467,0.9929041862487793,0.04100227728486061,0.9994354844093323
nan,1.0,0.8427934646606445,0.9942877888679504
0.9376874566078186,0.9979239106178284,0.8169877529144287,0.9996844530105591
0.9366196990013123,0.9992756843566895,0.8804872632026672,0.9979661107063293
nan,1.0,0.9261384010314941,0.9981855154037476
0.9104913473129272,0.9987510442733765,nan,1.0
nan,1.0,0.8880652189254761,0.9984081387519836
0.6035842299461365,0.9998674988746643,0.7542372941970825,0.9957981705665588
nan,1.0,0.0,1.0
nan,1.0,0.7960598468780518,0.9997701048851013
0.840414822101593,0.9987030029296875,0.9348250031471252,0.9941011667251587
0.8454545736312866,0.9992848634719849,0.9313682317733765,0.9914750456809998
0.9763075113296509,0.9928090572357178,0.34536081552505493,0.999252200126648
0.579104483127594,0.9993860721588135,nan,0.9982032775878906
0.8825424909591675,0.9995130300521851,0.8964781165122986,0.9988132119178772
0.8932853937149048,0.9990563988685608,0.6462346911430359,0.9997629523277283
nan,1.0,0.899712860584259,0.9948889017105103
1.0,0.9961904287338257,0.8531621098518372,0.9963960647583008
nan,0.9890480041503906,0.7966526746749878,0.9876594543457031
nan,1.0,0.9249175190925598,0.9912639260292053
nan,0.99481201171875,0.7388346195220947,0.9992551207542419
nan,1.0,0.860754668712616,0.9891715049743652
0.7923904061317444,0.9972675442695618,0.8866530060768127,0.9963844418525696
nan,1.0,0.8779971599578857,0.9989312887191772
0.0,1.0,0.9562483429908752,0.9912552833557129
0.9405171275138855,0.996940553188324,0.772357702255249,0.999709963798523
0.9551820755004883,0.9972028136253357,0.7547864317893982,0.9973121285438538
nan,1.0,0.9936996102333069,0.9978262782096863
nan,0.997314453125,0.9923570156097412,0.9984811544418335
0.961223304271698,0.9936681389808655,nan,0.9956474304199219
nan,1.0,0.910183310508728,0.9985227584838867
nan,0.9921302795410156,0.6956191062927246,0.9993074536323547
nan,1.0,0.9603764414787292,0.9989704489707947
0.9625023007392883,0.9981377124786377,nan,1.0
0.9489355087280273,0.9954197406768799,0.8020014762878418,0.9735006093978882
nan,1.0,0.4376593232154846,0.9949498176574707
nan,0.9998931884765625,0.9112706780433655,0.9942873120307922
nan,1.0,0.6856696605682373,0.9994491338729858
0.707211434841156,1.0,0.9338521361351013,0.9995303153991699
0.963496744632721,0.9961605072021484,nan,1.0
0.9866262674331665,0.9954270720481873,nan,1.0
0.6773938536643982,0.9998075366020203,0.9496821761131287,0.9880419373512268
nan,1.0,0.8860962390899658,0.9867339730262756
0.993789553642273,0.9953067898750305,0.25684723258018494,0.9965758323669434
nan,1.0,0.9198446869850159,0.9984559416770935
0.959192156791687,0.9988731145858765,nan,1.0
0.9886527061462402,0.997983455657959,nan,1.0
0.9261036515235901,0.9985696077346802,nan,1.0
0.9784321784973145,0.9976707100868225,0.6628014445304871,0.9838390946388245
0.9790423512458801,0.9982152581214905,0.9379594326019287,0.9969622492790222
nan,1.0,0.9213197827339172,0.9997808933258057
0.7580238580703735,0.9983684420585632,0.7225396633148193,0.9902981519699097
0.8811579346656799,0.9996243119239807,0.9217318892478943,0.9986778497695923
0.0,1.0,0.5393665432929993,0.9805334210395813
0.3764619827270508,0.9999883770942688,nan,0.9845123291015625
nan,1.0,0.6995977163314819,0.9944713711738586
0.0,1.0,0.0,0.9995965957641602
nan,1.0,0.5741265416145325,0.9909446835517883
0.9748736023902893,0.9901140928268433,nan,1.0
nan,1.0,0.8757995963096619,0.9983139634132385
nan,1.0,0.8778837323188782,0.9976412057876587
nan,1.0,0.875,0.9996747970581055
0.8573482632637024,0.9942513704299927,0.9727626442909241,0.9948645234107971
0.9635624885559082,0.9924479722976685,nan,1.0
nan,1.0,0.0,0.9881711602210999
nan,1.0,0.8375304341316223,0.9974819421768188
0.9807788133621216,0.998535692691803,0.7452054619789124,0.9995415806770325
0.8795680999755859,0.989717960357666,0.3124312460422516,0.9996402263641357
0.9770889282226562,0.9963015913963318,0.0,1.0
0.7839572429656982,0.9994206428527832,0.9139213562011719,0.9971407651901245
0.9525671601295471,0.9961250424385071,0.36594662070274353,0.9991238117218018
0.48296594619750977,0.9997472763061523,0.8088353276252747,0.9882215261459351
nan,1.0,0.8775554895401001,0.998963475227356
0.8619683980941772,0.9977289438247681,0.870571494102478,0.9793844819068909
nan,1.0,0.9840116500854492,0.9988616704940796
0.8661323189735413,0.9984509348869324,0.9358752369880676,0.9627199172973633
nan,1.0,0.9930579662322998,0.9984224438667297
nan,0.9935302734375,0.0,0.9873080253601074
0.9659811854362488,0.997878909111023,nan,1.0
0.9393039345741272,0.9997467398643494,0.0,1.0
0.9613463282585144,0.9977781176567078,nan,1.0
0.9874829649925232,0.9972724318504333,0.965687096118927,0.9989307522773743
0.9874088764190674,0.9901986122131348,0.09877084940671921,1.0
nan,1.0,0.6297516822814941,0.997935950756073
nan,1.0,0.669099748134613,0.9981100559234619
0.9222221970558167,0.9974902868270874,0.5777173638343811,0.9953726530075073
0.9508301615715027,0.9967138767242432,0.6319018602371216,0.9984980821609497
nan,1.0,0.9645874500274658,0.9995362162590027
0.0,1.0,0.8627748489379883,0.9711410999298096
0.0,0.9967504739761353,0.9202645421028137,0.9900208711624146
nan,1.0,0.9835565090179443,0.9980223774909973
0.8144111633300781,0.9993197917938232,0.8661375641822815,0.9920423626899719
nan,1.0,0.829387366771698,0.9964386224746704
nan,1.0,0.9860352873802185,0.997767448425293
nan,1.0,0.94259113073349,0.9967054128646851
0.776348352432251,0.9999346733093262,0.7269935607910156,0.9944764971733093
0.9215226769447327,0.9984215497970581,nan,1.0
nan,0.985321044921875,0.5314887762069702,0.9995530247688293
0.9540995359420776,0.9997273087501526,nan,0.9995655417442322
0.8730428218841553,0.9989760518074036,0.9473684430122375,0.9994503259658813
0.8729240298271179,0.9995068311691284,nan,1.0
nan,1.0,0.8447216749191284,0.9979956150054932
nan,1.0,0.9875055551528931,0.9994536638259888
0.9846894145011902,0.9984276294708252,nan,1.0
nan,1.0,0.869291365146637,0.9949228763580322
nan,1.0,0.9681378602981567,0.9994843006134033
nan,1.0,0.9683592915534973,0.9994035959243774
0.9881450533866882,0.9932223558425903,0.4484785497188568,0.9999305605888367
nan,1.0,0.7420667409896851,0.9991305470466614
0.9514793157577515,0.996252715587616,0.9347038269042969,0.9964959621429443
nan,1.0,0.9462759494781494,0.9967998266220093
nan,1.0,0.9720416069030762,0.9986657500267029
nan,0.9990959167480469,0.9809624552726746,0.9994619488716125
nan,1.0,0.8709922432899475,0.9993693232536316
nan,1.0,0.9822683334350586,0.9984526634216309
nan,1.0,0.9294173121452332,0.9963197112083435
0.93459552526474,0.998763918876648,0.8293299674987793,0.9976909160614014
0.9981889724731445,0.9959368109703064,nan,1.0
0.9596822261810303,0.9974932074546814,0.9481682777404785,0.9939701557159424
nan,1.0,0.7359198927879333,0.995331883430481
nan,1.0,0.7811387777328491,0.9992651343345642
nan,1.0,0.9377413392066956,0.9986201524734497
0.6029173135757446,0.9999417066574097,0.9131355881690979,0.9901071786880493
0.7230308055877686,0.9996381998062134,0.8395133018493652,0.9972851276397705
nan,1.0,0.8372330665588379,0.9976956248283386
0.9229904413223267,0.9980992078781128,0.8838509321212769,0.9977698922157288
nan,1.0,nan,1.0
nan,1.0,0.9475289583206177,0.9982732534408569
0.8716356158256531,0.9984194040298462,0.6944971680641174,0.9995901584625244
0.9806970357894897,0.9976471662521362,0.6397367119789124,0.9997312426567078
nan,1.0,0.9794238805770874,0.9978027939796448
0.9188537001609802,0.9991633296012878,0.9427679777145386,0.9931149482727051
0.7339322566986084,0.9989045262336731,0.7733916640281677,0.989579975605011
nan,1.0,0.9780219793319702,0.9990748167037964
nan,1.0,0.9198113083839417,0.9982172846794128
0.9695348739624023,0.9992287158966064,0.9806435108184814,0.998818576335907
0.9635919332504272,0.9897463917732239,0.7790652513504028,0.9924063086509705
0.0,1.0,nan,0.9794158935546875
nan,1.0,0.8344322443008423,0.9999845623970032
0.9807552695274353,0.9962974786758423,0.6626505851745605,0.9925451874732971
nan,1.0,0.9340904951095581,0.9995201826095581
0.9685057997703552,0.9974613785743713,0.8063157796859741,0.9992241859436035
nan,1.0,0.8111288547515869,0.9951542019844055
0.7702277898788452,0.9992460608482361,0.8685286045074463,0.9946736097335815
0.0,1.0,0.9291155934333801,0.9923126101493835
nan,0.9958993792533875,0.7424836754798889,0.9998293519020081
0.9397546648979187,0.9987775087356567,0.8887014985084534,0.9981547594070435
nan,0.9880485534667969,0.6700486540794373,0.9950706362724304
0.8448694944381714,0.9988483786582947,0.977172315120697,0.9962444305419922
nan,1.0,0.47370806336402893,0.9948654770851135
0.9660614132881165,0.9970604181289673,0.7489564418792725,0.9984757900238037
0.9478840231895447,0.9990857243537903,0.84555983543396,0.9961588978767395
0.8847118020057678,0.9932340383529663,0.39626169204711914,0.9948608875274658
nan,1.0,0.7128927707672119,0.9999687075614929
nan,1.0,0.04011065140366554,0.9999344348907471
0.9616467952728271,0.9963605999946594,0.8228511810302734,0.9988433718681335
nan,1.0,0.8317537903785706,0.9982473254203796
nan,1.0,0.9427893757820129,0.9982104301452637
0.0,1.0,0.24940964579582214,0.9249957203865051
nan,0.9995536804199219,0.825922429561615,0.9871485829353333
nan,1.0,0.9540598392486572,0.9985668659210205
0.8948377370834351,0.9900879263877869,0.0,1.0
nan,1.0,nan,0.9839859008789062
0.9520267844200134,0.9974009990692139,0.9498922228813171,0.9942324161529541
0.8431241512298584,0.9997491836547852,0.7077662348747253,0.997677206993103
0.6757263541221619,1.0,0.989649772644043,0.9948194622993469
0.987132728099823,0.9967142939567566,0.6039094924926758,0.9997847676277161
0.6517114043235779,0.9999269247055054,0.9061971306800842,0.9908817410469055
nan,1.0,0.9451900124549866,0.9992446303367615
nan,1.0,0.7868145704269409,1.0
0.9958052039146423,0.9931154251098633,0.2700453996658325,0.9990789890289307
nan,1.0,0.9360513091087341,0.9980918169021606
0.5838378667831421,0.9998335838317871,nan,0.9931755065917969
0.9760152697563171,0.9967153668403625,0.4785478413105011,0.998755931854248
0.9346703290939331,0.9984989166259766,0.6553191542625427,0.9951778650283813
nan,1.0,0.7642112374305725,0.9851102828979492
nan,1.0,0.89958655834198,0.9981604218482971
0.9371554851531982,0.9967196583747864,0.8583148717880249,0.9985328316688538
0.9921903014183044,0.9926733374595642,0.6789699792861938,0.9996137619018555
0.9842617511749268,0.9954759478569031,0.9899736046791077,0.9978320002555847
0.9507860541343689,0.9976612329483032,0.9104196429252625,0.9805986881256104
nan,1.0,0.7411620020866394,0.9957873225212097
nan,1.0,0.7945038080215454,0.9989029169082642
0.8638690114021301,0.9986227750778198,0.47480618953704834,0.9987603425979614
nan,1.0,0.8652631640434265,0.9959839582443237
nan,1.0,0.7681537866592407,0.9999147057533264
nan,1.0,0.9843725562095642,0.9890145063400269
nan,1.0,0.645048201084137,0.9945703148841858
nan,1.0,0.9185971617698669,0.9993436932563782
nan,1.0,0.9782152771949768,0.9962137937545776
nan,1.0,0.974579393863678,0.9976890087127686
0.9836522936820984,0.9983199238777161,nan,1.0
nan,1.0,0.9655442237854004,0.9994221925735474
nan,1.0,nan,1.0
0.9778657555580139,0.9975525140762329,0.9380485415458679,0.9961300492286682
nan,0.998109757900238,0.9462365508079529,0.99226313829422
0.9063400626182556,0.9995802044868469,0.8364622592926025,0.9939221143722534
nan,1.0,0.9989528656005859,0.9977865815162659
0.990750253200531,0.9962322115898132,0.8912116885185242,0.9963780641555786
0.9359815120697021,0.9782170057296753,0.5254320502281189,0.9973487854003906
nan,1.0,0.9536954760551453,0.9986388087272644
nan,1.0,0.5644067525863647,0.999176561832428
nan,1.0,0.8567950129508972,0.9964708685874939
0.9258202314376831,0.998358964920044,0.8295513987541199,0.9939286708831787
0.8634247183799744,0.9968597292900085,0.5101733207702637,0.9990261197090149
nan,1.0,0.9600594639778137,0.996161162853241
0.9431871771812439,0.9984140992164612,0.8401666283607483,0.9978183507919312
0.9193785190582275,0.9857603907585144,0.0,1.0
0.9793936014175415,0.9941371083259583,0.5969226360321045,0.9951627254486084
0.0,1.0,0.9684078693389893,0.9969260096549988
nan,1.0,0.8729965686798096,0.9989625215530396
nan,1.0,0.9454618096351624,0.9965575933456421
nan,1.0,0.9157894849777222,0.998201847076416
0.0,1.0,0.8905266523361206,0.9732505083084106
nan,1.0,nan,1.0
0.9462939500808716,0.9985690712928772,nan,1.0
nan,1.0,0.9246996641159058,0.9992038011550903
nan,1.0,0.8666434288024902,0.9984009265899658
nan,1.0,1.0,0.9942178726196289
nan,1.0,0.709876537322998,0.9997109174728394
0.9761579632759094,0.9964006543159485,nan,1.0
0.8881723880767822,0.997634768486023,0.5520952343940735,0.9813711047172546
nan,1.0,0.9730290174484253,0.9997398853302002
0.7161760926246643,0.9923097491264343,nan,0.9956779479980469
0.2872062623500824,0.9895133376121521,0.5274280309677124,0.9976018071174622
0.9482213258743286,0.9993153810501099,nan,1.0
0.9287196397781372,0.9976271986961365,0.0,1.0
nan,1.0,0.9037774205207825,0.9991983771324158
0.998976469039917,0.9960727095603943,0.0,1.0
nan,1.0,0.9134283661842346,0.9952704310417175
nan,1.0,0.946835458278656,0.9987027049064636
nan,1.0,0.9475340843200684,0.9977504014968872
0.8827708959579468,0.9994903802871704,0.8995434045791626,0.9964706897735596
0.0,1.0,0.7664573192596436,0.9893144965171814
nan,0.9961737990379333,0.8144916296005249,0.9954808354377747
nan,1.0,0.6925897598266602,0.9996263980865479
0.9411640167236328,0.9967912435531616,0.902053713798523,0.9974592328071594
nan,1.0,0.9696820378303528,0.9973822236061096
nan,1.0,0.925485372543335,0.9898138642311096
0.9683840870857239,0.9977983236312866,0.9831048250198364,0.9981651902198792
nan,1.0,0.9797143936157227,0.9962419271469116
nan,1.0,0.9898028373718262,0.9997533559799194
nan,1.0,0.8264925479888916,0.9908685088157654
0.9506667852401733,0.9931098222732544,0.5890339612960815,0.9998578429222107
0.668653130531311,0.9992820620536804,0.8354806900024414,0.9974644780158997
nan,0.9975013732910156,0.8474962115287781,0.9962596297264099
nan,1.0,0.9426630139350891,0.9964099526405334
nan,0.995884120464325,0.8221445083618164,0.9927282929420471
0.9141672849655151,0.999345064163208,0.9949530363082886,0.9965210556983948
nan,1.0,0.6508995294570923,0.9821367859840393
nan,1.0,0.9682871103286743,0.9985596537590027
0.9715174436569214,0.9936167001724243,nan,1.0
0.23818181455135345,1.0,0.8837249875068665,0.9951685070991516
nan,1.0,0.8665791749954224,0.9964705109596252
nan,1.0,0.9045426845550537,0.9961984157562256
nan,1.0,0.8850308656692505,0.996651828289032
nan,1.0,0.8575868606567383,0.9795982837677002
nan,1.0,0.9405708909034729,0.9992716908454895
0.0,1.0,0.819814145565033,0.9645345211029053
nan,0.9889945983886719,0.8038018941879272,0.9967425465583801
nan,1.0,0.938160240650177,0.9943883419036865
0.9681586623191833,0.9970309734344482,0.6634122729301453,0.9953770041465759
0.0,1.0,0.9089506268501282,0.9968101382255554
0.9845587015151978,0.9982427954673767,nan,1.0
0.9836674928665161,0.9938780069351196,0.6045336723327637,0.9901970624923706
nan,0.9871406555175781,0.2533602714538574,0.9999758005142212
0.8290178775787354,0.9966307282447815,0.8380482792854309,0.9915061593055725
0.08536585420370102,0.9999462962150574,0.9877919554710388,0.9852685928344727
0.49047142267227173,0.9989773631095886,nan,0.9937248229980469
nan,1.0,0.9741837382316589,0.9984316825866699
0.7400815486907959,0.9993613362312317,0.9031717777252197,0.9907536506652832
0.9554415345191956,0.98984295129776,0.7981196641921997,0.9976363778114319
nan,1.0,0.8581783771514893,0.9983859062194824
0.9883463978767395,0.9966753125190735,nan,1.0
0.0,1.0,0.9783216714859009,0.992301881313324
0.9939821362495422,0.997225284576416,nan,1.0
nan,1.0,0.6517105102539062,0.9865901470184326
0.9858701825141907,0.9991450905799866,0.9711447358131409,0.9996743202209473
nan,1.0,0.3385927975177765,0.9991681575775146
nan,1.0,0.9853121042251587,0.9973514080047607
0.9379664659500122,0.9989809393882751,nan,0.9999313354492188
nan,1.0,nan,1.0
0.815388560295105,0.9978278875350952,0.7210797071456909,0.9985681772232056
nan,1.0,nan,0.9892807006835938
nan,1.0,0.9643705487251282,0.9955149292945862
nan,1.0,0.9186200499534607,0.9851230382919312
0.9452665448188782,0.9869725108146667,0.04198320582509041,1.0
nan,1.0,0.9617950320243835,0.9989502429962158
nan,0.9992835521697998,0.9505428075790405,0.9994794726371765
nan,1.0,0.9804670810699463,0.959714949131012
0.35383883118629456,0.9998063445091248,0.7918089032173157,0.9852800965309143
0.9747924208641052,0.9983074069023132,0.8297309279441833,0.9987571239471436
0.9088365435600281,0.9952027201652527,0.6751918196678162,0.9991054534912109
0.0,1.0,0.9969273805618286,0.9884709119796753
0.61331707239151,0.9995909333229065,0.9942052960395813,0.99315345287323
nan,1.0,0.9716141223907471,0.9991626143455505
nan,1.0,0.956611692905426,0.9941516518592834
nan,1.0,0.9569174647331238,0.997962236404419
nan,1.0,0.9703601002693176,0.9990673065185547
0.9558541178703308,0.998820960521698,0.8594024777412415,0.9983140826225281
0.8977478742599487,0.9971714019775391,nan,1.0
0.0027268219273537397,0.999980628490448,0.9924356937408447,0.9793753027915955
0.9912575483322144,0.9951025247573853,0.720734715461731,0.9989584684371948
0.8959391117095947,0.9991772770881653,0.7161904573440552,0.997459352016449
nan,1.0,0.8338436484336853,0.9961554408073425
nan,1.0,0.8804560303688049,0.9885938167572021
nan,1.0,0.3595201373100281,0.9933449625968933
nan,1.0,0.9804275035858154,0.9935017824172974
nan,0.9979649186134338,0.9139785170555115,0.9996834397315979
nan,1.0,0.9693545699119568,0.9980219006538391
0.9424542188644409,0.9948652982711792,0.06906475126743317,0.9979081153869629
0.7511284351348877,0.9996053576469421,0.9674707055091858,0.9955157041549683
0.7475872039794922,0.9952977299690247,0.7231441140174866,0.9974176287651062
0.800632894039154,0.999261200428009,0.8953282237052917,0.997289776802063
nan,0.9997367858886719,0.8924342393875122,0.9959267973899841
0.460721880197525,0.9961639046669006,0.9088581800460815,0.9931675791740417
0.9455404281616211,0.9978622794151306,0.029589777812361717,0.9996585845947266
nan,1.0,0.9394677877426147,0.9859622120857239
nan,1.0,nan,1.0
nan,1.0,0.9732323288917542,0.9991905093193054
nan,0.9990701079368591,0.8728323578834534,0.9980664849281311
0.9943942427635193,0.9937136769294739,nan,1.0
nan,1.0,0.8602668046951294,0.9986683130264282
1.0,0.9934262633323669,0.0,1.0
0.8111533522605896,0.9997239708900452,0.843999981880188,0.994171142578125
nan,1.0,0.9705762267112732,0.9996734857559204
nan,1.0,0.8170391321182251,0.9998084306716919
0.9488628506660461,0.9952404499053955,0.5257827043533325,0.9982921481132507
0.8788209557533264,0.9998541474342346,0.923541247844696,0.9980722665786743
0.8439597487449646,0.9991607666015625,0.5612321496009827,0.9988229274749756
nan,1.0,0.9436335563659668,0.999718427658081
nan,1.0,0.9384756684303284,0.9990304112434387
0.9446796774864197,0.9977573752403259,nan,1.0
0.9560409784317017,0.9985451102256775,0.8738435506820679,0.999338686466217
nan,1.0,0.8787878751754761,0.9945134520530701
nan,1.0,0.8825670480728149,0.9966760873794556
0.834987998008728,0.9940861463546753,0.7700753808021545,0.9958750605583191
0.926398754119873,0.9989132285118103,0.8424463868141174,0.9962508678436279
1.0,0.9938980937004089,0.03094777651131153,0.9999077916145325
0.9332929253578186,0.998006284236908,0.8217403292655945,0.9910849332809448
nan,1.0,0.9492833614349365,0.9996239542961121
0.9051953554153442,0.9968901872634888,0.38041430711746216,0.9988242983818054
0.9301913976669312,0.9997538328170776,0.9628035426139832,0.9974853992462158
0.9768046140670776,0.996891975402832,0.7902005314826965,0.9955820441246033
0.9510638117790222,0.9989902973175049,0.8585271239280701,0.999078094959259
0.9880791902542114,0.9940783381462097,0.7837913632392883,0.9976535439491272
nan,1.0,0.8551175594329834,0.9973006844520569
nan,1.0,0.9893253445625305,0.9982948899269104
0.9383735656738281,0.9911866784095764,0.9317800402641296,0.9947984218597412
0.9046701192855835,0.9998213648796082,nan,1.0
nan,1.0,0.9036796689033508,0.9960756301879883
0.9306395053863525,0.9961389899253845,0.6050143837928772,0.9977936744689941
0.9253843426704407,0.9939082860946655,0.7302428483963013,0.9976360201835632
nan,1.0,0.8799999952316284,0.9998685717582703
0.9442010521888733,0.9980334043502808,nan,1.0
nan,1.0,0.6505149602890015,0.9994457960128784
0.9334619045257568,0.9986571669578552,nan,1.0
0.980246901512146,0.9994012117385864,nan,0.9935111999511719
nan,1.0,0.7391570210456848,1.0
nan,1.0,0.9444444179534912,0.9992820620536804
0.9293563365936279,0.9992295503616333,nan,1.0
nan,1.0,0.9481637477874756,0.9969834685325623
nan,1.0,0.8679245114326477,0.9993540048599243
0.9648822546005249,0.9957391619682312,0.4182230830192566,0.9988077282905579
nan,1.0,0.9568542838096619,0.9976540803909302
nan,1.0,0.9210605025291443,0.9831423163414001
0.998275101184845,0.9972842931747437,0.28909751772880554,0.9995810985565186
nan,1.0,nan,1.0
nan,1.0,0.6843876242637634,0.989656925201416
nan,1.0,0.6251896619796753,0.9992408752441406
0.9476280808448792,0.9984467029571533,0.7780026793479919,0.9992659091949463
nan,1.0,0.9155821800231934,0.9972371459007263
nan,1.0,0.9098337292671204,0.9989210963249207
nan,1.0,0.7518274784088135,0.9950336217880249
0.9516128897666931,0.9990795254707336,nan,1.0
0.9749889373779297,0.9975640773773193,nan,1.0
0.9655172228813171,0.9972375631332397,0.8514689803123474,0.9994660019874573
0.8316666483879089,0.9984806180000305,0.08629441261291504,0.9995488524436951
0.9498621821403503,0.9990715384483337,nan,1.0
nan,1.0,0.5019442439079285,0.9968346953392029
nan,1.0,0.6277363300323486,0.9993538856506348
0.0,0.9992101192474365,0.8808249235153198,0.9887362718582153
0.7191201448440552,0.9996523261070251,0.9034907817840576,0.9958072900772095
nan,1.0,0.936600387096405,0.9993403553962708
nan,1.0,0.9560158252716064,0.9980457425117493
0.09080468863248825,1.0,0.738204836845398,0.970726490020752
nan,1.0,0.8970866203308105,0.9987591505050659
0.9575597047805786,0.9936364889144897,0.9642711877822876,0.9949033260345459
0.8228414058685303,1.0,0.6793680191040039,0.995395839214325
0.7617912292480469,0.9945741891860962,0.8699250817298889,0.9849762320518494
nan,1.0,0.9928879737854004,0.9981681108474731
nan,1.0,0.9775373935699463,0.998629629611969
nan,0.9880828857421875,0.7447332739830017,0.9935367703437805
0.9821029305458069,0.9975806474685669,0.9720930457115173,0.9989126324653625
0.9588571190834045,0.9995012283325195,nan,1.0
nan,1.0,0.8265641927719116,0.9967861175537109
0.0,1.0,nan,0.98468017578125
nan,1.0,0.8953470587730408,0.9949559569358826
nan,1.0,0.9588891267776489,0.9987430572509766
0.8906270265579224,0.9994102716445923,0.9413506984710693,0.991915762424469
nan,1.0,0.9680057168006897,0.9978635907173157
nan,1.0,0.05307009443640709,0.9821956753730774
0.9367262721061707,0.9985151886940002,0.5670120716094971,0.9863654971122742
0.7316293716430664,0.999923050403595,0.9030582904815674,0.9968949556350708
nan,1.0,0.9827916026115417,0.9993699789047241
0.7483285665512085,0.9972813129425049,0.22840410470962524,0.9989733099937439
0.9699042439460754,0.9967414140701294,0.8931396007537842,0.9891526103019714
nan,1.0,0.9094820618629456,0.9932375550270081
nan,1.0,0.9788918495178223,0.998527467250824
0.9642016887664795,0.996536374092102,0.6323469877243042,0.9999646544456482
nan,1.0,0.7268339991569519,0.9998468160629272
0.9871520400047302,0.9970521926879883,0.10575427860021591,0.9998927712440491
0.972088634967804,0.9989354014396667,0.0,1.0
0.9196850657463074,0.9994895458221436,nan,1.0
0.98124098777771,0.9957055449485779,nan,1.0
nan,1.0,0.9106587767601013,0.9948249459266663
nan,0.9984245300292969,0.9539288282394409,0.9990202784538269
nan,1.0,0.9028651118278503,0.9961239099502563
nan,1.0,0.9615342020988464,0.9904572367668152
0.97209632396698,0.998464822769165,nan,1.0
0.839316725730896,0.9982333779335022,0.9136590361595154,0.9994671940803528
nan,0.9827499389648438,0.0,1.0
0.0,1.0,0.8933189511299133,0.9840829968452454
nan,1.0,0.9526956081390381,0.9957009553909302
0.732914388179779,0.9995074272155762,0.8989493250846863,0.9939514398574829
nan,1.0,0.737356960773468,0.9860290884971619
nan,1.0,0.9874504804611206,0.9990438222885132
0.9868148565292358,0.9985547661781311,0.48272305727005005,0.996460497379303
0.8617681860923767,0.9973917603492737,0.9287528395652771,0.9936562776565552
nan,0.9956169128417969,0.649249255657196,0.9988674521446228
nan,1.0,0.9841805100440979,0.9972525835037231
nan,1.0,0.8328865170478821,0.9997076392173767
0.8546310663223267,0.9993396401405334,0.9163208603858948,0.9965361952781677
nan,1.0,0.8797383904457092,0.9991778135299683
nan,1.0,nan,1.0
0.9116712808609009,0.9995686411857605,nan,1.0
nan,1.0,0.989693284034729,0.991493821144104
nan,1.0,nan,1.0
0.9811812043190002,0.9850804805755615,0.3725384473800659,0.997689962387085
nan,1.0,0.78041011095047,0.9961204528808594
nan,1.0,1.0,0.9980250597000122
nan,1.0,0.9763149619102478,0.9987419247627258
nan,1.0,0.9481220245361328,0.99896240234375
0.9367480874061584,0.9981103539466858,0.13859574496746063,0.995843768119812
nan,0.9998970031738281,0.9256763458251953,0.9880245327949524
nan,1.0,0.8725868463516235,0.9972315430641174
0.9253554344177246,0.9930267930030823,0.14097744226455688,0.9999464154243469
nan,1.0,0.8650793433189392,0.9991625547409058
nan,1.0,0.0,1.0
nan,1.0,0.26192399859428406,0.9990763068199158
nan,1.0,0.8294185996055603,0.9882071614265442
0.8867813944816589,0.9970081448554993,0.4562523365020752,0.9983582496643066
0.8986517786979675,0.9898294806480408,nan,1.0
nan,1.0,0.825564980506897,0.9984897971153259
0.9446032643318176,0.9993059635162354,0.7343283295631409,0.9990375638008118
nan,1.0,0.911151647567749,0.9983198046684265
0.9650059342384338,0.996985137462616,0.17267267405986786,1.0
0.9438732862472534,0.9986386299133301,0.5569307208061218,0.9984608292579651
nan,1.0,nan,1.0
nan,1.0,0.866995096206665,0.9994450211524963
0.8001172542572021,0.9982084035873413,0.7945205569267273,0.9957106709480286
nan,1.0,0.7588194608688354,0.9974395632743835
nan,1.0,0.9942010045051575,0.9991135597229004
nan,1.0,0.8984109163284302,0.9973964095115662
nan,1.0,0.7893807291984558,0.9920743703842163
0.8067300319671631,0.9993636012077332,nan,0.9984207153320312
nan,1.0,0.9536546468734741,0.9995551705360413
nan,1.0,0.8809034824371338,0.9974731802940369
nan,1.0,0.8856350183486938,0.9937924146652222
0.9832671880722046,0.9897406697273254,0.8768863081932068,0.9929694533348083
nan,1.0,0.9561164975166321,0.9987671971321106
0.0,1.0,0.9795265793800354,0.9880574345588684
nan,1.0,0.7030633091926575,0.9994548559188843
nan,1.0,0.8548476099967957,0.9963799715042114
0.9543291926383972,0.9875603914260864,0.6326597332954407,0.9983928203582764
0.9639780521392822,0.997159481048584,0.8745179176330566,0.9976504445075989
nan,1.0,nan,1.0
nan,1.0,0.7842501401901245,0.9916057586669922
0.818969190120697,0.9998314380645752,nan,0.9793548583984375
nan,1.0,0.8627634644508362,0.9987231492996216
0.9758611917495728,0.9974349737167358,0.9838778972625732,0.998458206653595
0.9184255599975586,0.998446524143219,0.9367895126342773,0.9980767369270325
nan,1.0,0.9715501666069031,0.9985873699188232
0.9556556940078735,0.9991625547409058,0.9792013168334961,0.9909728765487671
0.625312089920044,0.9904322624206543,0.7068781852722168,0.9807683825492859
nan,1.0,0.7274148464202881,0.9955318570137024
0.9558628797531128,0.9977168440818787,0.5199999809265137,0.9998887777328491
0.6327723860740662,0.999878466129303,0.053371358662843704,0.9916457533836365
nan,1.0,0.7310861349105835,0.9993146657943726
0.9977542757987976,0.9987066984176636,nan,1.0
0.8233199119567871,0.9989370703697205,0.0,1.0
0.8433031439781189,0.9990357160568237,0.3969072103500366,0.9989945292472839
0.9751999974250793,0.9977606534957886,0.8170926570892334,0.9989380240440369
nan,1.0,0.970939040184021,0.9969902634620667
nan,1.0,0.8470925092697144,0.9812400937080383
nan,1.0,0.933489978313446,0.9981494545936584
nan,1.0,0.8954711556434631,0.9996314644813538
0.9592068195343018,0.9969467520713806,0.8140607476234436,0.9942076802253723
0.0,1.0,0.8814371228218079,0.9964560866355896
nan,1.0,0.9142671227455139,0.9995077252388
0.508747398853302,0.9999152421951294,0.7085944414138794,0.9931806325912476
nan,1.0,0.9777777791023254,0.9987874031066895
0.9863360524177551,0.9961611032485962,nan,1.0
0.9981735348701477,0.9896209836006165,0.6159080266952515,0.9998266696929932
nan,1.0,0.8782350420951843,0.9994023442268372
nan,1.0,0.9696513414382935,0.997673749923706
0.7149425148963928,0.9990299940109253,0.791831374168396,0.9926096796989441
nan,1.0,0.8596984148025513,0.999404788017273
nan,1.0,0.9127272963523865,0.9995450973510742
0.9589341878890991,0.9988817572593689,nan,1.0
nan,1.0,0.6007533073425293,0.9977830052375793
0.9515478014945984,0.9994543194770813,nan,1.0
nan,1.0,0.771165668964386,0.9977332949638367
nan,1.0,nan,1.0
nan,1.0,0.9954614043235779,0.9984702467918396
nan,1.0,0.5945210456848145,0.9985804557800293
0.8669393062591553,0.9976019859313965,0.657530665397644,0.9979559779167175
nan,0.9988250732421875,0.8931883573532104,0.9874041080474854
nan,1.0,0.7915831804275513,0.9999338984489441
nan,1.0,0.8498197793960571,0.9971153140068054
0.9964087605476379,0.9962741136550903,nan,1.0
0.9723142981529236,0.9972512125968933,0.668181836605072,0.9989149570465088
0.4134615361690521,0.9994736909866333,0.5901234745979309,0.9979020953178406
0.22415901720523834,0.9999491572380066,1.0,0.9757465124130249
0.9205827116966248,0.9964054226875305,0.0,1.0
0.9457082748413086,0.9989551305770874,nan,1.0
0.9434263110160828,0.9934694170951843,0.19125188887119293,0.999833881855011
0.8561278581619263,0.9981951713562012,0.6214839220046997,0.9981036186218262
nan,1.0,0.8784802556037903,0.995968759059906
0.9620871543884277,0.9871531128883362,nan,1.0
0.9334557056427002,0.999441921710968,0.7717976570129395,0.9949182868003845
nan,1.0,0.9196451902389526,0.995341956615448
0.9791955351829529,0.9940069913864136,0.5295698642730713,0.9944574236869812
nan,1.0,0.973074197769165,0.9461168646812439
0.9729748368263245,0.9946333169937134,0.9710099101066589,0.9951406717300415
0.9745836853981018,0.9949561357498169,0.5789816975593567,0.9995141625404358
nan,1.0,0.9487836360931396,0.99817955493927
0.9704476594924927,0.9927584528923035,nan,1.0
nan,1.0,0.6567724347114563,0.997341513633728
0.9434921145439148,0.9973662495613098,nan,1.0
0.972883403301239,0.9906500577926636,0.626055896282196,0.9987743496894836
nan,1.0,0.9733086228370667,0.9989445209503174
nan,1.0,0.9568047523498535,0.9982395172119141
0.837981641292572,0.9991741180419922,0.9734756350517273,0.9955999851226807
0.0,1.0,0.99979168176651,0.9815266728401184
nan,1.0,0.9106458425521851,0.9983177781105042
nan,1.0,0.7943603992462158,0.9972614049911499
0.9471887946128845,0.9956834316253662,nan,1.0
nan,1.0,0.8639349341392517,0.9947386980056763
0.9359775185585022,0.999875009059906,nan,1.0
nan,1.0,0.4576414227485657,0.9978848099708557
0.9919295907020569,0.9976820349693298,0.9618626832962036,0.9932499527931213
0.286411315202713,1.0,nan,0.9804878234863281
0.939963698387146,0.9957990646362305,0.9183303117752075,0.9965177774429321
nan,1.0,0.9668490290641785,0.9973440170288086
nan,1.0,0.8829208016395569,0.9966641068458557
nan,1.0,0.9871916770935059,0.9979084730148315
0.8655269742012024,0.9947050213813782,0.9483039975166321,0.9981328845024109
1.0,0.9895034432411194,0.37617823481559753,0.9992085099220276
0.8341625332832336,0.9903477430343628,0.01976284570991993,1.0
nan,1.0,0.9516448378562927,0.9995570182800293
nan,1.0,0.9880095720291138,0.9991255402565002
nan,0.9972343444824219,0.8127631545066833,0.9959038496017456
nan,1.0,nan,1.0
0.955367922782898,0.9984853267669678,0.8012259006500244,0.9993390440940857
0.9266880750656128,0.9978325366973877,0.70652174949646,0.9976924061775208
0.9699353575706482,0.9971963763237,nan,1.0
nan,1.0,0.9229606986045837,0.998569905757904
nan,1.0,0.8285009264945984,0.9997914433479309
nan,0.9881820678710938,0.36253848671913147,0.9997441172599792
0.9538867473602295,0.9960899353027344,nan,0.9994583129882812
0.9871672987937927,0.9977479577064514,0.8925272822380066,0.9961403608322144
nan,1.0,0.9491317272186279,0.9964734315872192
nan,1.0,0.9907469749450684,0.9969335198402405
0.9943820238113403,0.9845016598701477,0.0,1.0
0.8934363722801208,0.9988100528717041,0.8979591727256775,0.996823251247406
nan,1.0,0.853490948677063,0.9995589852333069
0.9992119669914246,0.9821422696113586,0.24525649845600128,0.9996548295021057
0.8136990666389465,0.9981550574302673,0.6244503259658813,0.9941677451133728
0.9859950542449951,0.9969152212142944,0.7080263495445251,0.999911367893219
nan,1.0,0.9582585692405701,0.9890841245651245
0.965792715549469,0.9967970252037048,0.9174179434776306,0.9962236881256104
0.8953892588615417,0.997710645198822,0.3957977592945099,0.9875297546386719
nan,1.0,0.9778459072113037,0.9976456165313721
nan,1.0,0.9458731412887573,0.9990273714065552
nan,1.0,0.8326247334480286,0.9928082227706909
nan,1.0,0.7373350262641907,0.9962124228477478
nan,1.0,0.8373786211013794,0.9995725154876709
nan,1.0,0.9347303509712219,0.9983952641487122
nan,0.9928582310676575,0.8261702656745911,0.9978047013282776
0.9194499254226685,0.9990476965904236,0.14983713626861572,0.9985484480857849
nan,1.0,0.784201979637146,0.9892284274101257
0.8945139050483704,0.9990512728691101,0.8173579573631287,0.9915705323219299
0.0,1.0,0.6560360789299011,0.9923975467681885
nan,1.0,0.8582905530929565,0.9932358264923096
nan,1.0,0.9326848387718201,0.9954176545143127
nan,1.0,0.907825231552124,0.9957283139228821
nan,1.0,0.8767843842506409,0.9936983585357666
0.9917287230491638,0.9976493716239929,nan,1.0
0.9540834426879883,0.9993096590042114,0.4142969846725464,0.9993028044700623
nan,1.0,0.9881069660186768,0.9961272478103638
0.9601227045059204,0.9991072416305542,0.8513513803482056,0.9994653463363647
nan,1.0,0.9659416079521179,0.9993504881858826
nan,1.0,0.9621211886405945,0.9989039301872253
0.956446647644043,0.9989607930183411,0.9812206625938416,0.9995376467704773
nan,1.0,0.9411764740943909,0.9951009750366211
nan,1.0,0.8641788959503174,0.9972918629646301
nan,1.0,0.3797260820865631,0.999270498752594
nan,1.0,0.9504608511924744,0.9988711476325989
nan,1.0,0.8698673248291016,1.0
nan,1.0,0.8291956186294556,0.9960289597511292
nan,0.9970741271972656,0.7952678799629211,0.9993308186531067
nan,1.0,0.976655125617981,0.9952282905578613
nan,1.0,0.8681154847145081,0.9888825416564941
0.9644781351089478,0.9972521662712097,0.9090815186500549,0.9940664768218994
nan,1.0,nan,0.9973094463348389
0.847162127494812,0.9995238780975342,0.6034318208694458,0.9972327351570129
0.0,1.0,0.9862570762634277,0.9926826357841492
1.0,0.994982898235321,0.5843061208724976,0.9996297955513
nan,1.0,0.5865771770477295,0.9994557499885559
0.8091242909431458,0.9977879524230957,0.6262376308441162,0.9965535402297974
0.6111999750137329,0.9994471669197083,0.7699757814407349,0.9493374824523926
nan,1.0,0.9424616098403931,0.9979240894317627
0.8568055033683777,0.9997892379760742,nan,0.9973297119140625
nan,0.9973526000976562,0.9103865027427673,0.9991029500961304
0.0,1.0,0.30777567625045776,0.9941474795341492
nan,0.9702835083007812,0.036650579422712326,0.9998310208320618
0.831497073173523,0.9966116547584534,0.7225490212440491,0.9975529313087463
nan,1.0,0.9897236824035645,0.9972374439239502
1.0,0.9872682690620422,0.7430130243301392,0.9989008903503418
0.9774734973907471,0.9954628944396973,0.7726444005966187,0.9987958669662476
nan,1.0,0.8810957074165344,0.9998222589492798
nan,1.0,0.9285856485366821,0.9991404414176941
0.9695605039596558,0.9912253618240356,0.6956267356872559,0.9928371906280518
0.9834457039833069,0.992009162902832,0.6654740571975708,0.9995297789573669
0.9501226544380188,0.9996919631958008,nan,1.0
nan,0.994598388671875,0.5829383730888367,0.9994396567344666
0.9263322949409485,0.9962639808654785,0.0,1.0
nan,1.0,0.9628836512565613,0.9999152421951294
nan,1.0,0.9751634001731873,0.9983586072921753
0.9517791867256165,0.9965376257896423,0.8270949721336365,0.9973739385604858
0.934473991394043,0.9987413883209229,0.8690213561058044,0.9983012676239014
0.7615720629692078,0.9998570084571838,0.8539297580718994,0.9961806535720825
0.9402843713760376,0.9985584616661072,0.9572471380233765,0.9982501268386841
nan,1.0,0.9631025195121765,0.9931267499923706
1.0,0.9940026998519897,0.861139178276062,0.9953003525733948
0.0,1.0,0.9226791858673096,0.9949967265129089
0.9362898468971252,0.9917019605636597,0.0,1.0
nan,1.0,0.9616026878356934,0.9961462616920471
0.5212831497192383,0.998936116695404,0.8791100978851318,0.9840123653411865
nan,1.0,0.9028109908103943,0.9996715784072876
0.9426470398902893,0.9989570379257202,nan,0.9992377758026123
nan,1.0,0.4503968358039856,0.9995485544204712
0.9415513277053833,0.998523473739624,nan,1.0
0.9971942901611328,0.9967929124832153,0.932839035987854,0.996412992477417
0.8747349977493286,0.9976338148117065,0.921880841255188,0.9904207587242126
nan,1.0,0.9750000238418579,0.9992237687110901
0.9352996945381165,0.9987451434135437,0.7060367465019226,0.9983057379722595
nan,0.9848289489746094,0.10393671691417694,1.0
0.8354798555374146,0.9987577795982361,0.8615795373916626,0.9836609363555908
nan,1.0,0.8221757411956787,0.997340738773346
nan,1.0,0.8279569745063782,0.9968974590301514
nan,1.0,0.9051061868667603,0.999938428401947
0.0,1.0,0.6616666913032532,0.9962098002433777
0.829095184803009,0.9989210963249207,0.8895866274833679,0.9981939196586609
0.9827228784561157,0.9939255714416504,0.0,1.0
nan,1.0,0.9404761791229248,0.9934285879135132
nan,1.0,0.8682432174682617,0.9990530014038086
0.9807872176170349,0.9945785403251648,0.34454813599586487,0.9997016191482544
nan,1.0,0.9911626577377319,0.998986542224884
nan,1.0,0.9912031292915344,0.9991518259048462
nan,1.0,0.8830931782722473,0.9880712628364563
nan,1.0,0.9507299065589905,0.9875175356864929
nan,1.0,nan,1.0
nan,1.0,0.9991153478622437,0.9979180693626404
nan,1.0,0.9556289911270142,0.9993873834609985
0.9790337085723877,0.9947212338447571,0.6616584658622742,0.9989330768585205
nan,1.0,0.840713620185852,0.9999189376831055
0.8425060510635376,0.9988659620285034,0.8682170510292053,0.9983080625534058
nan,1.0,0.9608136415481567,0.9986708164215088
0.9765674471855164,0.995862603187561,0.2860791087150574,0.9943047165870667
nan,1.0,0.9694741368293762,0.9971352219581604
nan,1.0,0.9943515658378601,0.9982228875160217
nan,0.9869880676269531,0.6562367677688599,0.9937008619308472
nan,1.0,0.5601577758789062,0.999218761920929
0.8876872062683105,0.9986584782600403,0.7415099740028381,0.9908829927444458
nan,1.0,0.9918256402015686,0.9997010827064514
0.9400491118431091,0.9964661002159119,0.4249742925167084,0.9995887875556946
nan,1.0,0.8994264006614685,0.9970535039901733
nan,1.0,0.9454191327095032,0.9987297654151917
nan,0.9866676330566406,0.49015358090400696,0.9996219873428345
nan,1.0,0.9904305934906006,0.9951969385147095
0.7755101919174194,0.9989606142044067,0.9350096583366394,0.9973966479301453
nan,1.0,0.8664215803146362,0.9990796446800232
0.9061033129692078,0.9986773133277893,0.5855262875556946,0.9988769888877869
nan,1.0,0.7462356090545654,0.9927331805229187
nan,1.0,0.958279013633728,0.998161792755127
nan,1.0,0.8821107745170593,0.9976892471313477
0.8525787591934204,0.9989486336708069,0.9253056645393372,0.9930945038795471
0.0,1.0,0.9858823418617249,0.9953586459159851
0.15851137042045593,1.0,0.9604849815368652,0.9883924722671509
0.8490087389945984,0.9984873533248901,0.8223684430122375,0.9979085326194763
0.9114101529121399,0.9992768168449402,0.8737682104110718,0.9997053146362305
nan,1.0,0.969924807548523,0.9993705153465271
nan,1.0,0.9414596557617188,0.9990066885948181
0.9075416922569275,0.9992011785507202,0.8662053346633911,0.9972825646400452
nan,1.0,0.9036679863929749,0.9970503449440002
0.9263773560523987,0.9990476369857788,0.8418932557106018,0.9981260895729065
nan,0.9893521070480347,0.7032246589660645,0.9987511038780212
0.0,1.0,0.9408836364746094,0.992078959941864
0.933708667755127,0.9984080791473389,0.9572972059249878,0.9920154213905334
0.981027364730835,0.9981680512428284,nan,1.0
nan,1.0,0.8377541899681091,0.9984977841377258
0.5663793087005615,0.999904215335846,0.875325620174408,0.9961110949516296
0.0,1.0,0.4867383539676666,0.9882229566574097
0.6907514333724976,0.9974175095558167,0.7811787724494934,0.9879107475280762
nan,1.0,0.9200891256332397,0.9971117377281189
0.9553999304771423,0.9806923866271973,0.8863846659660339,0.9989262223243713
0.9024431109428406,0.9986972212791443,0.7537057995796204,0.9981504082679749
nan,1.0,0.9844961166381836,0.9995251297950745
0.6001995801925659,0.9999494552612305,0.6578332185745239,0.9938477277755737
nan,1.0,0.9924026727676392,0.9831517934799194
0.9522431492805481,0.996283769607544,0.7855439782142639,0.9950437545776367
0.7798844575881958,0.9975332021713257,nan,1.0
nan,1.0,0.9720670580863953,0.9985515475273132
0.937142014503479,0.9988845586776733,nan,1.0
nan,0.9666824340820312,0.18433213233947754,0.9997301697731018
nan,1.0,0.03813702240586281,1.0
nan,1.0,0.940239429473877,0.9969013929367065
0.9300114512443542,0.9986642599105835,0.9460933208465576,0.9924635887145996
nan,1.0,0.961309552192688,0.9998697638511658
0.8420655727386475,0.9989023804664612,nan,1.0
0.8647969961166382,0.9975934028625488,0.6771378517150879,0.9990430474281311
nan,1.0,0.933404803276062,0.9985629320144653
0.7117021083831787,0.999992311000824,0.6671887040138245,0.9969674348831177
0.0,1.0,0.9217984080314636,0.9794474244117737
0.9878117442131042,0.9936758875846863,0.37882548570632935,0.9973536729812622
0.8791581988334656,0.9983909130096436,0.9541758894920349,0.9937117695808411
0.7422611117362976,0.999552845954895,0.7940691709518433,0.9903405904769897
0.9621776938438416,0.9944664239883423,0.9447405338287354,0.9817657470703125
nan,1.0,0.968707799911499,0.9895816445350647
0.9757769703865051,0.9988788366317749,nan,0.9989585876464844
0.8876656293869019,0.997340202331543,0.7267703413963318,0.9936680793762207
nan,1.0,0.8998985886573792,0.997896134853363
0.9320863485336304,0.9986159801483154,nan,1.0
0.6941195726394653,0.999039351940155,0.9590676426887512,0.9907099008560181
0.0,1.0,0.9852458834648132,0.9899898171424866
0.9317814707756042,0.9984958171844482,0.8233321905136108,0.9965118169784546
0.6813324093818665,1.0,nan,0.993011474609375
0.8844143748283386,0.9983583688735962,nan,0.9989089965820312
nan,0.9955368041992188,0.8321599364280701,0.9992315173149109
nan,1.0,0.980201244354248,0.9979881644248962
0.8233082890510559,0.9983702898025513,0.9405940771102905,0.9889066815376282
0.7834612131118774,0.9990323185920715,0.8894146680831909,0.9968109130859375
nan,1.0,0.9095619320869446,0.9991962313652039
nan,1.0,0.9296246767044067,0.9992898106575012
nan,1.0,0.9765708446502686,0.996953010559082
0.870712399482727,0.9981560111045837,0.7951033711433411,0.9991121888160706
nan,1.0,0.9359921216964722,0.9968885779380798
0.9486719369888306,0.9984886050224304,0.9166536927223206,0.9940756559371948
nan,1.0,0.9294731020927429,0.9845761060714722
0.9580114483833313,0.9978277683258057,0.8870872855186462,0.9974840879440308
0.817907989025116,0.9987968802452087,0.8710945844650269,0.9957952499389648
nan,1.0,0.881476104259491,0.9934099912643433
nan,1.0,0.7486485242843628,0.9965643286705017
nan,1.0,0.8187432885169983,0.9988855123519897
nan,1.0,0.8688461780548096,0.9990907311439514
0.4693877696990967,0.9986723065376282,0.8229954838752747,0.9963765740394592
0.9382239580154419,0.9864999055862427,0.5361083149909973,0.998032808303833
nan,1.0,0.7027305364608765,0.9904729127883911
nan,1.0,0.969683825969696,0.997763991355896
nan,1.0,0.5913853049278259,0.9987146854400635
0.9744175672531128,0.9933488368988037,0.39654427766799927,0.9999268651008606
nan,1.0,0.9686428308486938,0.9988475441932678
0.9469273686408997,0.9930213093757629,0.5229619145393372,0.9997994899749756
0.8792213201522827,0.999857485294342,0.9039818048477173,0.9956313967704773
0.9833372235298157,0.997550904750824,nan,1.0
nan,1.0,0.8419843316078186,0.9974759221076965
nan,1.0,0.9693721532821655,0.9988605976104736
0.0,1.0,0.8837440609931946,0.9974302649497986
0.9847632646560669,0.9981859922409058,nan,1.0
nan,1.0,0.8342519402503967,0.9926353096961975
0.4156728982925415,1.0,0.9858299493789673,0.9954074621200562
nan,0.9997865557670593,0.8588516712188721,0.9970757365226746
0.9852923154830933,0.996142566204071,nan,1.0
nan,1.0,0.9252310395240784,0.999474048614502
nan,1.0,0.9841756224632263,0.9977384209632874
nan,1.0,0.8339200615882874,0.9977443218231201
0.7120773196220398,0.9941862225532532,0.6009368896484375,0.9948498010635376
nan,1.0,0.9345330595970154,0.9998185038566589
nan,1.0,0.8814733028411865,0.9998065829277039
nan,1.0,0.9677155613899231,0.9876471161842346
0.9577693939208984,0.9981744289398193,nan,0.9996871948242188
nan,1.0,0.48585689067840576,0.9982588887214661
nan,1.0,0.9720352292060852,0.9990484714508057
nan,0.9966773986816406,0.6091665029525757,0.9959889054298401
0.0,1.0,0.8806278109550476,0.983548104763031
0.6881065964698792,0.9994885921478271,0.4423109292984009,0.9919323325157166
nan,1.0,0.9160839319229126,0.9992096424102783
nan,1.0,0.9491065740585327,0.9977444410324097
nan,1.0,0.9287884831428528,0.9992642402648926
0.8462774753570557,0.9987783432006836,0.4219246506690979,0.9962695240974426
nan,1.0,0.7955495119094849,0.996941089630127
nan,1.0,0.9384551048278809,0.9974433183670044
nan,1.0,0.940930962562561,0.9962837100028992
0.9062984585762024,0.9960296750068665,0.6710109114646912,0.998326301574707
0.8880053162574768,0.99881911277771,0.9523457884788513,0.9950469732284546
0.8337515592575073,0.9997683167457581,0.6057692170143127,0.9745804667472839
nan,1.0,0.9632992744445801,0.9993680119514465
nan,1.0,0.9398416876792908,0.9942651987075806
nan,1.0,0.8443755507469177,0.9987664222717285
nan,1.0,0.9214909076690674,0.9971551299095154
nan,0.9981554746627808,0.9639387130737305,0.998466432094574
0.9191086888313293,0.9994215369224548,nan,1.0
nan,1.0,0.9850355386734009,0.998496949672699
nan,1.0,0.9694189429283142,0.9993175864219666
0.9159185886383057,0.9950100779533386,0.6804654598236084,0.998753547668457
0.8777660727500916,0.9984382390975952,0.8446969985961914,0.9972784519195557
0.9140182137489319,0.9998083710670471,nan,1.0
0.6703625917434692,0.9991466999053955,nan,0.9946136474609375
nan,1.0,0.9890109896659851,0.9994907975196838
0.0,1.0,0.9340055584907532,0.9874170422554016
0.8154205679893494,0.9982327818870544,0.7802743911743164,0.9995347261428833
nan,1.0,0.5628162026405334,0.9977515339851379
nan,1.0,0.9396718144416809,0.9996744394302368
nan,1.0,0.6959349513053894,0.9974502325057983
0.9341571927070618,0.9985174536705017,0.8993101716041565,0.9910328388214111
nan,0.9926071166992188,0.714068591594696,0.9996000528335571
0.9546247720718384,0.9977440237998962,nan,0.999755859375
nan,1.0,0.8119567632675171,0.9998290538787842
nan,1.0,0.9000799655914307,0.9994205236434937
nan,1.0,0.9419747591018677,0.9955617785453796
nan,1.0,0.8212582468986511,0.9963645339012146
nan,1.0,0.98234623670578,0.9972818493843079
nan,1.0,0.9677825570106506,0.998428463935852
0.8427440524101257,0.9993557333946228,nan,0.9998092651367188
0.5595499277114868,0.9983078837394714,0.8981271386146545,0.9864086508750916
nan,1.0,nan,0.9971122741699219
0.9652486443519592,0.9970669150352478,0.8792194128036499,0.9984597563743591
0.9441784024238586,0.9991227388381958,nan,1.0
0.9918539524078369,0.9932246208190918,0.0,0.9930413961410522
nan,0.98309326171875,0.7396023869514465,0.9923347234725952
nan,1.0,0.9707878828048706,0.9889629483222961
0.9477550983428955,0.9985027313232422,nan,1.0
nan,1.0,0.6959578394889832,0.98126620054245
0.9798908233642578,0.9982138872146606,0.6511628031730652,0.9961537718772888
0.9292200207710266,0.995841920375824,0.7472081184387207,0.9996170997619629
nan,1.0,0.827963650226593,0.995122492313385
0.9471108913421631,0.9800127148628235,0.13392479717731476,1.0
0.9658203125,0.9949904084205627,0.9448854923248291,0.9938868880271912
nan,1.0,0.9484173655509949,0.9986975193023682
nan,1.0,0.9894309043884277,0.9971839785575867
nan,1.0,0.3348664939403534,0.9966868162155151
nan,1.0,0.9098511934280396,0.9941052794456482
0.9863823056221008,0.9976098537445068,nan,1.0
0.9907063245773315,0.9956678748130798,0.8057793974876404,0.9984683394432068
0.9572687149047852,0.9928922057151794,0.422529935836792,0.9988784790039062
nan,0.9919055104255676,0.6617329716682434,0.9998827576637268
nan,1.0,0.9852631688117981,0.9998317360877991
0.9641937017440796,0.9958906173706055,nan,1.0
0.9919809699058533,0.9907801747322083,nan,1.0
0.969525933265686,0.9990680813789368,0.630065381526947,0.9995982646942139
nan,1.0,0.9553953409194946,0.9968141913414001
0.973738431930542,0.990983784198761,nan,1.0
nan,1.0,0.372284471988678,0.9842305183410645
0.8825065493583679,0.9920499920845032,0.5889859199523926,0.9984948039054871
nan,1.0,0.9644278883934021,0.9989346265792847
0.9980732202529907,0.980678141117096,0.41329166293144226,0.9971003532409668
nan,1.0,0.9495962262153625,0.9929378628730774
0.9930964112281799,0.994854211807251,0.12938229739665985,0.9998461604118347
0.9652686715126038,0.9953467845916748,nan,1.0
0.9083878397941589,0.9987183213233948,0.9379984736442566,0.9962769150733948
nan,1.0,0.9067434668540955,0.9963294863700867
0.7182662487030029,0.9992435574531555,0.9250474572181702,0.9954051375389099
nan,1.0,0.9413629174232483,0.9870728254318237
0.9762391448020935,0.9969801306724548,0.8417588472366333,0.9995548725128174
0.7208564877510071,0.9988610148429871,0.8110465407371521,0.9967272877693176
0.9715787768363953,0.9992316961288452,nan,0.9991798400878906
0.9180501699447632,0.9957537651062012,0.7450000047683716,0.9930904507637024
0.9738872647285461,0.9967871308326721,0.7985559701919556,0.9922028183937073
nan,1.0,0.9568788409233093,0.9991521239280701
0.9257279634475708,0.9958986043930054,0.0,1.0
nan,1.0,0.9165456891059875,0.9999229907989502
nan,1.0,nan,0.9905929565429688
nan,1.0,0.9745402932167053,0.9982491135597229
0.9619356393814087,0.9965753555297852,0.8352437615394592,0.9918231964111328
0.829186201095581,0.9998315572738647,0.6452779173851013,0.9951063990592957
0.2626459002494812,0.999165952205658,0.751713216304779,0.9946637153625488
nan,1.0,0.9081277251243591,0.9987659454345703
0.9826454520225525,0.9981902837753296,nan,1.0
0.9198330640792847,0.996117889881134,0.33053433895111084,0.9963386654853821
0.9593674540519714,0.9991343021392822,0.925296425819397,0.9894959330558777
0.8747390508651733,0.9994668364524841,0.8863142728805542,0.9970620274543762
0.7177088260650635,0.9997187852859497,0.8780913352966309,0.9904793500900269
0.9205465316772461,0.9981989860534668,0.835328996181488,0.9941545128822327
nan,1.0,0.6017094254493713,1.0
0.8114051222801208,0.9983658194541931,0.8533685803413391,0.9983607530593872
0.9123730063438416,0.998499870300293,nan,1.0
0.9004188179969788,0.9988230466842651,0.7820252180099487,0.99724280834198
1.0,0.9893079996109009,0.0,1.0
nan,1.0,0.9990276098251343,0.9984397292137146
nan,1.0,0.9505259990692139,0.9998878836631775
0.015829693526029587,0.9995357394218445,0.934451699256897,0.9810997247695923
nan,1.0,nan,0.9922865629196167
0.8931667804718018,0.9993455410003662,0.8925348520278931,0.998570442199707
nan,1.0,0.9650181531906128,0.9920864105224609
0.9454545378684998,0.9996985793113708,nan,1.0
nan,1.0,0.9622815251350403,0.9997156262397766
0.920918345451355,0.9976090788841248,0.9318712949752808,0.9875116348266602
nan,1.0,0.8514516949653625,0.9968007802963257
nan,1.0,0.9288443326950073,0.9993177056312561
nan,1.0,0.8816843032836914,0.9725725054740906
nan,1.0,0.6622721552848816,0.999786913394928
nan,1.0,0.9454911351203918,0.9968063235282898
0.8990997076034546,0.9993020296096802,nan,1.0
0.8530029654502869,0.9993944764137268,0.8470906615257263,0.9968113303184509
0.8528261780738831,0.9998831748962402,0.7486423850059509,0.9979986548423767
0.7244367599487305,0.9976187348365784,0.07466788589954376,0.9897907972335815
nan,1.0,0.9406349658966064,0.9998754262924194
0.9233226776123047,0.998587429523468,0.8724614381790161,0.9978994727134705
0.9456987977027893,0.9982631206512451,0.8901146054267883,0.9969117641448975
nan,1.0,0.780792772769928,0.9958685040473938
nan,1.0,nan,1.0
nan,1.0,0.959155261516571,0.9977155923843384
nan,1.0,0.9809288382530212,0.9984461069107056
0.9703131318092346,0.9984371662139893,nan,1.0
nan,1.0,0.8983739614486694,0.9997678399085999
0.99303138256073,0.9960157871246338,0.49125799536705017,0.999230146408081
nan,0.9681968688964844,0.0,1.0
nan,1.0,0.9441656470298767,0.9990124106407166
nan,1.0,0.9026206731796265,0.9986886978149414
0.853872537612915,0.9989327192306519,0.8222988247871399,0.9927924871444702
nan,1.0,0.9137923717498779,0.9873130321502686
0.8661320805549622,0.9924642443656921,0.793009877204895,0.9934577941894531
nan,1.0,0.7443280816078186,1.0
nan,1.0,0.8791736364364624,0.9992642998695374
nan,1.0,0.8436687588691711,0.9976242184638977
nan,1.0,0.9531073570251465,0.9989415407180786
0.9214478135108948,0.9991905093193054,nan,1.0
0.0,1.0,0.9440147280693054,0.990602433681488
nan,1.0,0.9373964667320251,0.9979507923126221
nan,1.0,0.8534893989562988,1.0
0.8944016695022583,0.9973021745681763,nan,0.9970359802246094
nan,1.0,0.9959662556648254,0.9980186223983765
0.9462093710899353,0.995826244354248,nan,1.0
0.9871630072593689,0.9961662888526917,0.7650140523910522,0.9872655868530273
0.5965977907180786,0.9995417594909668,0.9697446227073669,0.9935323596000671
nan,1.0,0.9233100414276123,0.9863565564155579
nan,1.0,0.7720739245414734,0.9992139339447021
0.9776740074157715,0.9922838807106018,0.9818071722984314,0.9991616606712341
nan,1.0,0.9261637330055237,0.9991124868392944
nan,1.0,0.9788577556610107,0.9993075728416443
0.8989497423171997,0.9995349049568176,nan,1.0
0.5528709292411804,0.9998236298561096,nan,0.9940032958984375
0.6073021292686462,0.9997485876083374,0.7711289525032043,0.9937049746513367
nan,1.0,0.8427239656448364,0.9995147585868835
nan,1.0,0.9717550277709961,0.9912739992141724
0.9861372709274292,0.9928351044654846,0.7220853567123413,0.9978081583976746
nan,1.0,0.9571865200996399,0.9995469450950623
nan,1.0,0.24186991155147552,1.0
0.9947628974914551,0.9984809160232544,nan,1.0
nan,1.0,0.875,0.992836058139801
0.9112482666969299,0.9935355186462402,0.27517446875572205,0.9992811679840088
nan,0.9845237731933594,0.6592254638671875,0.9977436065673828
0.0,1.0,0.9981409907341003,0.9907546043395996
nan,1.0,0.7714042067527771,0.9873656630516052
0.9353259801864624,0.998934805393219,0.8043246269226074,0.9947136044502258
nan,1.0,0.9252889156341553,0.9998374581336975
0.9920461773872375,0.9925976991653442,nan,1.0
0.9694600105285645,0.9971228837966919,0.9410703778266907,0.9958432912826538
nan,1.0,0.9774288535118103,0.9993245601654053
0.9835479259490967,0.9972820281982422,0.24274973571300507,0.9999539256095886
0.8992301225662231,0.9991767406463623,0.5406032204627991,0.9998165965080261
nan,1.0,0.894047200679779,0.9995366334915161
nan,0.9824333190917969,0.4691309332847595,0.9996190071105957
nan,0.9997367858886719,0.9370495080947876,0.9988276958465576
0.9204354882240295,0.999500036239624,0.9508076310157776,0.9971356391906738
0.9894914031028748,0.9974000453948975,nan,1.0
0.9787800908088684,0.9954179525375366,0.7983521223068237,0.9900323152542114
nan,1.0,nan,1.0
nan,0.9895553588867188,0.7446642518043518,0.9985017776489258
0.9896886348724365,0.9964774250984192,nan,1.0
nan,1.0,0.7715780138969421,0.9989361763000488
nan,1.0,0.8833101391792297,0.9852375388145447
nan,1.0,0.9222113490104675,0.9980314373970032
nan,1.0,0.9263406991958618,0.9949087500572205
0.7253192067146301,0.9972653985023499,0.8960000276565552,0.9872820973396301
0.3771289587020874,1.0,0.6076422929763794,0.991698682308197
1.0,0.9978988170623779,0.8552971482276917,0.9972156286239624
nan,1.0,0.9804148077964783,0.989593505859375
0.968878448009491,0.9973679780960083,0.38990065455436707,0.996746301651001
0.7869898080825806,0.9979711771011353,0.7700854539871216,0.9947242736816406
0.0,1.0,0.6614906787872314,0.9683659672737122
0.9450767040252686,0.9986852407455444,0.8778935074806213,0.9991705417633057
0.7422419190406799,0.9999845623970032,0.40625,0.9961675405502319
0.9214687943458557,0.9992182850837708,0.9731853604316711,0.9973359704017639
nan,1.0,0.8880926370620728,0.9985624551773071
0.9111222624778748,0.9978736639022827,nan,1.0
0.9855750203132629,0.9964550733566284,0.03748326748609543,0.9999463558197021
nan,1.0,0.8504725098609924,0.9995054006576538
nan,1.0,0.9455081224441528,0.9993684887886047
nan,1.0,0.9480971097946167,0.9992443919181824
nan,1.0,0.9206786155700684,0.99809330701828
nan,1.0,0.9683908224105835,0.9988859295845032
nan,1.0,0.977952778339386,0.9994944930076599
nan,1.0,0.9026334285736084,0.9839178919792175
0.8601595759391785,0.9996480345726013,0.8144180774688721,0.9961450099945068
0.48137831687927246,0.9994375109672546,nan,0.9788055419921875
0.9566137790679932,0.9952452182769775,0.9518041014671326,0.9979168772697449
nan,1.0,0.9657097458839417,0.9985765814781189
0.7709268927574158,0.9998844861984253,0.9616508483886719,0.9932909607887268
nan,1.0,0.9187877774238586,0.9969627261161804
0.9075091481208801,0.9986048340797424,0.7863777279853821,0.9970506429672241
nan,1.0,0.8371373414993286,0.9983850717544556
0.961402416229248,0.9901842474937439,0.6039016246795654,0.9992949366569519
nan,0.9965324401855469,0.9423229098320007,0.9993085861206055
nan,1.0,0.9301214218139648,0.9993777275085449
nan,1.0,0.8732367753982544,0.9988049864768982
nan,1.0,0.9655601382255554,0.9974312782287598
0.9781904816627502,0.9939260482788086,0.6277461647987366,0.9995918273925781
0.9203778505325317,0.9995143413543701,0.46625766158103943,0.9986857771873474
0.6871795058250427,0.9989160895347595,0.8966408371925354,0.9981874823570251
0.9269336462020874,0.9998995661735535,nan,1.0
nan,1.0,0.9588983058929443,0.9993247389793396
0.8734003901481628,0.9925975799560547,0.00418191310018301,0.999265193939209
0.0,1.0,0.9422715902328491,0.9909945130348206
0.5338767170906067,0.9995426535606384,0.6947470307350159,0.9952017664909363
nan,1.0,0.7293668389320374,0.9884098172187805
nan,1.0,0.9444785714149475,0.999334990978241
0.0,1.0,0.7862164378166199,0.9874025583267212
0.9880113005638123,0.9873318076133728,0.5970466732978821,0.9978792071342468
nan,1.0,0.9858299493789673,0.9993646144866943
nan,1.0,0.9766937494277954,0.9961733222007751
nan,1.0,nan,1.0
0.9468145370483398,0.9961232542991638,nan,1.0
nan,1.0,0.9787302613258362,0.9983747601509094
0.9113526344299316,0.9988062381744385,nan,1.0
nan,1.0,0.9462365508079529,0.9995445013046265
nan,1.0,0.8847445249557495,0.998130738735199
nan,1.0,0.9891465306282043,0.9990427494049072
0.9903059005737305,0.9961398243904114,0.8832049369812012,0.9953155517578125
0.8237592577934265,0.9992678165435791,0.9340101480484009,0.9952696561813354
0.9000598192214966,0.99921053647995,nan,1.0
nan,1.0,0.9938977956771851,0.9979889392852783
0.7097042798995972,0.9992655515670776,0.8768454790115356,0.9959812164306641
nan,1.0,0.8689662218093872,0.9989544153213501
0.7220100164413452,0.9997835755348206,0.2747252881526947,0.9991931319236755
0.8278030157089233,0.9955204129219055,nan,1.0
0.8489795923233032,0.999019205570221,0.8417508602142334,0.999019980430603
nan,1.0,0.9728410243988037,0.9995750784873962
nan,1.0,0.8345929980278015,0.9999497532844543
nan,1.0,0.9791044592857361,0.998897135257721
0.9648594260215759,0.9969902634620667,0.9173553586006165,0.9960371851921082
nan,1.0,0.9478545784950256,0.9976544380187988
0.9361591339111328,0.9949581623077393,nan,0.9990119934082031
0.934725821018219,0.9947093725204468,0.2551833987236023,0.9993336796760559
0.8476306200027466,0.9979614615440369,0.8286038041114807,0.9845637083053589
0.9924749135971069,0.9967353343963623,0.6763932704925537,0.9998142123222351
nan,0.9882659912109375,0.6395222544670105,0.9979211091995239
0.9598997235298157,0.9995250105857849,0.4441602826118469,0.9982870817184448
nan,1.0,0.9562286734580994,0.9951972365379333
nan,0.9851608276367188,0.3020190894603729,0.99849534034729
nan,0.9827651977539062,0.5630185008049011,0.9987455010414124
0.5611578226089478,0.9997463822364807,0.8818062543869019,0.9927727580070496
0.9446317553520203,0.9993619918823242,nan,1.0
0.0,1.0,0.807687520980835,0.9909406304359436
0.908532440662384,0.9974783658981323,nan,1.0
nan,1.0,0.8652886748313904,0.9998304843902588
0.9386616945266724,0.9894168376922607,0.4649266004562378,0.9998083710670471
nan,1.0,0.9807652235031128,0.9853352308273315
nan,1.0,0.9226983189582825,0.9968417882919312
nan,1.0,0.9984288811683655,0.9957456588745117
0.0,1.0,nan,0.979705810546875
0.9174199104309082,0.9994820356369019,nan,0.998809814453125
0.9606524109840393,0.9940000176429749,0.412466436624527,0.9862669110298157
nan,1.0,0.8623643517494202,0.9995519518852234
1.0,0.9942486882209778,0.8295462131500244,0.9975609183311462
nan,1.0,0.9913513660430908,0.9972185492515564
0.9439809322357178,0.9993487000465393,0.8378746509552002,0.9993631839752197
nan,1.0,0.7986577153205872,0.9979173541069031
0.9390320777893066,0.9983202219009399,0.9059266448020935,0.9988885521888733
nan,1.0,0.9689046144485474,0.999406099319458
nan,1.0,0.8852459192276001,1.0
nan,1.0,0.9322459101676941,0.9978490471839905
nan,1.0,0.9077242016792297,0.9952018857002258
0.0,1.0,0.0,1.0
nan,1.0,0.4432898759841919,0.998740553855896
nan,1.0,0.9620419144630432,0.9873031377792358
0.9184792637825012,0.9911961555480957,0.6016454100608826,0.9943338632583618
nan,1.0,nan,1.0
nan,1.0,0.48651885986328125,0.9958356618881226
0.8763052225112915,0.999646008014679,nan,1.0
1.0,0.9940598607063293,0.7651541233062744,0.9996259212493896
nan,1.0,nan,1.0
nan,1.0,0.29842060804367065,1.0
nan,1.0,0.7480064034461975,0.9992035031318665
0.9519878625869751,0.9923855066299438,0.35242223739624023,0.9991865158081055
nan,1.0,0.9857057929039001,0.9973086714744568
nan,1.0,0.8098651170730591,0.9969804883003235
0.9696721434593201,0.998184323310852,0.7325456738471985,0.9997006058692932
0.9509918093681335,0.9989213347434998,0.6581972241401672,0.9986717104911804
nan,1.0,0.9298010468482971,0.9989793300628662
0.6474980115890503,0.9854249954223633,0.0,1.0
0.975762128829956,0.9992175102233887,nan,1.0
nan,1.0,0.9910458326339722,0.9984688758850098
nan,1.0,0.9797495603561401,0.9945419430732727
nan,1.0,0.7732372879981995,0.9751377701759338
nan,1.0,0.5367675423622131,0.9999182820320129
0.9251121282577515,0.9970933198928833,0.4991423785686493,0.9994892477989197
0.8973703384399414,0.9982396960258484,nan,0.9999351501464844
nan,1.0,0.5986678004264832,0.995899498462677
0.9556456804275513,0.9964326620101929,nan,1.0
nan,1.0,0.9539790153503418,0.9985395669937134
nan,0.9981250166893005,0.6197604537010193,0.9977070689201355
nan,1.0,0.9644157886505127,0.9993503093719482
0.8486917018890381,0.998273491859436,0.43478259444236755,0.9983598589897156
0.34925925731658936,0.9987704753875732,0.12858782708644867,0.992393970489502
0.0,1.0,0.9064035415649414,0.9843117594718933
nan,1.0,0.9368165135383606,0.9992245435714722
0.6683530211448669,0.9983155727386475,0.16825775802135468,0.99785977602005
nan,1.0,0.9780058860778809,0.9992969036102295
0.8318910598754883,0.9983457326889038,0.9319511651992798,0.9932329654693604
nan,1.0,0.8414656519889832,0.9998986721038818
nan,1.0,0.9415083527565002,0.9997118711471558
0.96064692735672,0.9981021285057068,0.2604166567325592,0.9996256232261658
0.6466666460037231,0.9962273240089417,0.9058300852775574,0.9825206995010376
nan,0.9907188415527344,0.47473403811454773,0.9996545314788818
0.9828218817710876,0.9993420243263245,nan,1.0
nan,1.0,0.8333333134651184,0.9999923706054688
nan,1.0,0.9247388243675232,0.999174177646637
0.9685638546943665,0.9986763000488281,0.6773139834403992,0.9988048672676086
0.2753678858280182,0.9996384978294373,0.9114311933517456,0.9892498850822449
nan,1.0,0.996995210647583,0.9985395073890686
0.9228571653366089,0.9936209321022034,0.8478719592094421,0.998629629611969
nan,1.0,0.9495528340339661,0.9986655712127686
nan,0.9992790222167969,0.8193069100379944,0.9977524876594543
nan,1.0,0.9267950057983398,0.9964700937271118
nan,1.0,0.9357900619506836,0.996270477771759
0.9549464583396912,0.9954278469085693,nan,1.0
0.9194607734680176,0.9992284178733826,0.5548098683357239,0.9982485771179199
0.96875,0.9984961152076721,nan,1.0
0.0,1.0,0.7463318109512329,0.967853844165802
0.9849544763565063,0.9954785704612732,0.7922481894493103,0.9970585107803345
nan,1.0,0.9620328545570374,0.9978373050689697
nan,1.0,0.6101977229118347,0.9842341542243958
0.816068708896637,0.9995743632316589,0.9166895747184753,0.9935606718063354
0.9617550373077393,0.998103141784668,nan,1.0
nan,1.0,0.9896222352981567,0.9977033138275146
nan,1.0,0.8856121301651001,0.9979166984558105
0.8911694288253784,0.9831976890563965,nan,1.0
nan,1.0,0.9538877606391907,0.9880824089050293
0.9268118739128113,0.9983628392219543,nan,1.0
nan,1.0,0.7631460428237915,0.995436429977417
0.8558244705200195,0.9978650212287903,nan,0.9973869323730469
nan,1.0,0.9832116961479187,0.9991525411605835
0.8408340215682983,0.9978999495506287,nan,1.0
0.9939860701560974,0.9962982535362244,0.885398805141449,0.9971665740013123
nan,0.9969444274902344,0.7968996167182922,0.9991213083267212
nan,1.0,0.936640739440918,0.9990195035934448
nan,0.995147705078125,0.8778250217437744,0.998234212398529
0.9406713247299194,0.9997885227203369,0.977246105670929,0.9966733455657959
0.9239054918289185,0.9972537755966187,0.8732125759124756,0.9981772303581238
nan,1.0,0.9335071444511414,0.9965128302574158
nan,1.0,0.9588455557823181,0.9996443390846252
nan,1.0,0.9717857241630554,0.9989974498748779
0.9480193257331848,0.9946391582489014,nan,0.9993515014648438
nan,0.9970731735229492,0.8767840266227722,0.999023973941803
nan,1.0,0.97074294090271,0.9994481205940247
0.954062283039093,0.9974984526634216,0.9745358824729919,0.9986174702644348
nan,1.0,0.9181132316589355,0.9990509748458862
0.8575929403305054,0.9968183636665344,0.7187265753746033,0.9984661340713501
0.0,1.0,0.9000880122184753,0.9973365664482117
0.0,1.0,0.6640839576721191,0.994479775428772
0.9674553275108337,0.9987698197364807,nan,1.0
nan,1.0,0.9293617010116577,0.9954186081886292
nan,1.0,0.9656084775924683,0.9974799156188965
nan,1.0,nan,0.9637298583984375
0.8417843580245972,0.998890221118927,nan,1.0
0.9256756901741028,0.9918672442436218,0.31402087211608887,0.9993048906326294
nan,1.0,0.970321536064148,0.9986306428909302
0.9427852630615234,0.9989904761314392,0.8146883249282837,0.9986703395843506
nan,1.0,0.8673896789550781,0.9999961256980896
0.9709728360176086,0.9984599351882935,nan,1.0
0.7940503358840942,0.9978587031364441,0.7745664715766907,0.9985402822494507
0.9702112078666687,0.9973971843719482,0.9184788465499878,0.9907230734825134
0.9252059459686279,0.9988151788711548,0.96470707654953,0.9961476922035217
nan,1.0,0.9395964741706848,0.9951075911521912
0.9897775053977966,0.9962944984436035,0.6282051205635071,0.9990489482879639
0.9631662368774414,0.9963992238044739,0.8488371968269348,0.9995174407958984
nan,1.0,0.9697051048278809,0.9932196736335754
0.7394550442695618,0.9997276663780212,0.7514285445213318,0.9971494078636169
0.47686079144477844,0.9995641112327576,0.9774027466773987,0.9839666485786438
nan,1.0,0.9560347199440002,0.9974927306175232
0.9674044251441956,0.9945480823516846,0.5153881311416626,0.9979382157325745
0.9483276605606079,0.988442599773407,0.7332974076271057,0.997097909450531
0.0,1.0,0.8309115171432495,0.9883090853691101
nan,1.0,nan,1.0
nan,1.0,0.943267285823822,0.9994142055511475
0.7811890840530396,0.9793163537979126,nan,1.0
nan,1.0,0.9450549483299255,0.9992029070854187
0.9503287076950073,0.9993616938591003,0.9163755774497986,0.9938733577728271
0.9759287238121033,0.998843789100647,nan,1.0
0.0,1.0,0.9660899639129639,0.9851805567741394
nan,1.0,0.7875622510910034,0.9915172457695007
nan,1.0,0.7580901980400085,0.9994277358055115
0.981745183467865,0.9965018630027771,0.9479018449783325,0.9965388178825378
nan,1.0,0.9821867346763611,0.9989377856254578
nan,1.0,0.9227297902107239,0.9974292516708374
nan,1.0,0.8840846419334412,0.9987716674804688
nan,1.0,0.8582934737205505,0.9992640614509583
0.9300344586372375,0.99569171667099,0.38596490025520325,0.9977177381515503
nan,1.0,0.9131284952163696,0.9992666244506836
0.7141379117965698,0.9998071193695068,0.9003527164459229,0.9906161427497864
nan,1.0,0.5182989835739136,0.9995955228805542
0.9719772934913635,0.9982773661613464,0.8755475282669067,0.9984424114227295
0.0,1.0,0.964649498462677,0.9908743500709534
0.9775351285934448,0.9975702166557312,0.7152255773544312,0.9991777539253235
nan,1.0,0.9890829920768738,0.9997628927230835
0.9825882315635681,0.9989308714866638,nan,1.0
0.0,1.0,0.48492079973220825,0.9858543276786804
0.10864447057247162,1.0,0.5389782190322876,0.9863935708999634
0.9292369484901428,0.9976101517677307,0.7592219710350037,0.999144434928894
nan,1.0,0.8250452280044556,0.9993875622749329
0.8778769373893738,0.9983187317848206,0.8517870306968689,0.9931167960166931
nan,1.0,0.9316788911819458,0.9992718696594238
0.7103033661842346,0.9982576370239258,nan,1.0
nan,1.0,0.9516476988792419,0.9898629784584045
nan,0.9871444702148438,0.8477094173431396,0.9952878952026367
0.9653745293617249,0.9970732927322388,0.9689483046531677,0.9932062029838562
nan,1.0,0.9101637005805969,0.9971986413002014
0.8650016784667969,0.9985647201538086,0.7766432762145996,0.9982308745384216
0.3222537636756897,1.0,0.5710843205451965,0.9819703102111816
0.9826158881187439,0.9681592583656311,0.024766940623521805,0.9999333024024963
0.9465881586074829,0.9994129538536072,nan,1.0
0.9529644846916199,0.9982287883758545,0.7793885469436646,0.9926755428314209
0.9298912286758423,0.9979707598686218,nan,1.0
nan,1.0,0.9792492985725403,0.999285101890564
0.9591955542564392,0.9970424771308899,nan,1.0
0.9168381690979004,0.9985567331314087,0.7685370445251465,0.998992919921875
0.999148964881897,0.9968390464782715,0.5602900981903076,0.9892398118972778
nan,1.0,0.9734184145927429,0.9987704753875732
1.0,0.9926223158836365,0.6284016370773315,0.9989534616470337
1.0,0.9954222440719604,0.7611433863639832,0.9994811415672302
0.966865062713623,0.9970685839653015,nan,1.0
nan,1.0,0.9542458057403564,0.9960393905639648
nan,1.0,1.0,0.9974294304847717
nan,1.0,0.9409340620040894,0.9996551275253296
0.9732824563980103,0.9991217851638794,0.7373764514923096,0.993868887424469
nan,1.0,0.9828343391418457,0.9988638162612915
0.936718761920929,0.9993936419487,0.8398164510726929,0.9967305064201355
0.6682384610176086,0.9994184374809265,0.6987187266349792,0.9939835071563721
nan,1.0,0.8057143092155457,0.9999615550041199
0.8623188138008118,0.9987223148345947,0.9498574137687683,0.994172990322113
nan,1.0,1.0,0.998457670211792
0.9026435613632202,0.9984712600708008,nan,1.0
nan,1.0,0.9479073882102966,0.9992082118988037
0.9778270721435547,0.998241662979126,nan,0.9983139038085938
0.0,1.0,0.8940895795822144,0.9932059049606323
0.8603770732879639,0.991669237613678,0.32756444811820984,0.9991465210914612
0.3060109317302704,1.0,0.9910284280776978,0.9916115403175354
0.9719016551971436,0.9992004632949829,0.7222222089767456,0.9996560215950012
nan,1.0,0.9684346914291382,0.9972095489501953
0.6577551960945129,0.9928227066993713,0.7241018414497375,0.9932491183280945
0.8567219972610474,0.9995549917221069,0.9310624599456787,0.997853696346283
0.9251665472984314,0.9987724423408508,0.6635169982910156,0.9921020269393921
nan,1.0,0.9809895157814026,0.996275782585144
0.9380727410316467,0.9979345798492432,0.8177728056907654,0.9986258745193481
0.9562627077102661,0.9961410164833069,nan,0.9996414184570312
0.9235702753067017,0.9987167119979858,0.8777798414230347,0.9961798191070557
0.6862220168113708,1.0,nan,0.9940376281738281
nan,1.0,0.9586854577064514,0.9992930293083191
0.8166403770446777,0.9908897280693054,0.7165024876594543,0.9934735894203186
0.9725330471992493,0.9959608316421509,0.4936204254627228,0.9983300566673279
0.9602543711662292,0.9984826445579529,0.7839142084121704,0.9997810125350952
nan,1.0,0.9713740348815918,0.9994698762893677
0.9744123220443726,0.9958770275115967,0.4274084270000458,0.9925904273986816
1.0,0.9854156970977783,0.1053834930062294,0.9996308088302612
0.8715184330940247,0.994311511516571,0.5753926634788513,0.9937736988067627
0.9813374876976013,0.9966311454772949,0.756287157535553,0.982670783996582
0.8672086596488953,0.9943795204162598,0.3432314395904541,0.9996753334999084
0.9089403748512268,0.9988678693771362,0.9116678833961487,0.9991087913513184
nan,1.0,0.7461591362953186,0.9993094801902771
0.8702488541603088,0.9953968524932861,nan,1.0
0.7880098819732666,0.9993014335632324,0.9240890741348267,0.9951558709144592
nan,0.9935340881347656,0.4858272969722748,0.9996526837348938
nan,0.9857749938964844,0.12481766939163208,0.9997085332870483
nan,1.0,0.7187004685401917,0.995534360408783
0.9076148867607117,0.9945948719978333,0.754050076007843,0.9996366500854492
0.9907059073448181,0.9973876476287842,0.9006229639053345,0.9945027828216553
0.9719122052192688,0.9973785877227783,nan,1.0
nan,1.0,0.883357048034668,0.9836993217468262
0.8006950616836548,0.9990522265434265,0.904229462146759,0.9970817565917969
nan,1.0,0.9769673943519592,0.9981629252433777
0.6670986413955688,0.9994335174560547,0.5858684778213501,0.993995189666748
nan,1.0,0.9436640739440918,0.9893769025802612
nan,1.0,0.0,1.0
0.8712235689163208,0.997360348701477,0.526694655418396,0.9936001896858215
nan,1.0,0.9266122579574585,0.9929084777832031
nan,1.0,0.9057275652885437,0.9978019595146179
0.8891741633415222,0.9956313967704773,0.7304165363311768,0.996903121471405
0.8969790935516357,0.9996013045310974,0.9086475372314453,0.9955662488937378
nan,1.0,0.8988497853279114,0.9933252930641174
nan,1.0,0.7291212677955627,0.9977753162384033
nan,1.0,0.9064438939094543,0.9974898099899292
0.928528904914856,0.9997811317443848,0.3841509521007538,0.9983988404273987
nan,1.0,0.9399669766426086,0.9882141351699829
0.932133674621582,0.9956558346748352,0.7331122159957886,0.9836982488632202
0.9539867043495178,0.992375910282135,0.0,1.0
nan,1.0,0.969470739364624,0.9954395890235901
nan,1.0,0.8229557275772095,0.9999383687973022
nan,1.0,0.8946244120597839,0.9957078099250793
nan,1.0,0.9567697644233704,0.9898958802223206
0.9047210216522217,0.9990527629852295,nan,0.9999771118164062
0.9164742827415466,0.9991297125816345,0.8642721176147461,0.9904837608337402
0.9332273602485657,0.9993953108787537,0.9599999785423279,0.9985986948013306
nan,1.0,0.9109396934509277,0.9994624257087708
0.0,1.0,0.9793148040771484,0.9937618374824524
nan,1.0,0.9896774291992188,0.9986562728881836
0.8834635615348816,0.9999537467956543,0.8849129676818848,0.9963061213493347
nan,1.0,0.9284998774528503,0.9947136044502258
nan,1.0,nan,1.0
0.8064777255058289,0.9981296062469482,0.9238327145576477,0.9942613840103149
0.8981674909591675,0.9986851811408997,0.2981530427932739,0.999954104423523
0.8683914542198181,0.9998055100440979,0.9155279397964478,0.9997009038925171
nan,1.0,0.9157621264457703,0.9765815734863281
0.85343998670578,0.9999765753746033,nan,0.9968673586845398
0.9233333468437195,0.9944108724594116,0.8896063566207886,0.9968672394752502
0.9734810590744019,0.9982981085777283,nan,1.0
0.6993706226348877,0.998670220375061,0.754906415939331,0.9948875308036804
nan,1.0,nan,0.9909248352050781
nan,1.0,0.8894062638282776,0.9964739084243774
nan,1.0,0.8728586435317993,0.9955917596817017
nan,1.0,0.6781596541404724,0.9985663890838623
nan,1.0,0.9468929767608643,0.9917638301849365
0.0,1.0,0.803519070148468,0.9963800311088562
0.8963486552238464,0.9997642636299133,nan,1.0
0.9556596279144287,0.9970132112503052,0.9795369505882263,0.9965433478355408
nan,1.0,0.9347222447395325,0.9950012564659119
nan,1.0,0.7319446206092834,0.9957707524299622
nan,1.0,0.9764067530632019,0.9986811876296997
nan,1.0,nan,1.0
0.9754098653793335,0.9976524114608765,0.7667958736419678,0.9951716661453247
0.7044209241867065,0.9958956241607666,nan,1.0
nan,1.0,0.8536520004272461,0.9991796016693115
nan,1.0,0.9205776453018188,0.9902000427246094
0.833282470703125,0.9988604187965393,0.5877869129180908,0.9980236887931824
0.9573506116867065,0.9971266388893127,0.7648290395736694,0.9965248703956604
0.9262102246284485,0.9957879185676575,nan,1.0
0.9215731620788574,0.9996975064277649,nan,1.0
0.882017970085144,0.9993566274642944,0.9699935913085938,0.9989293217658997
0.9714426398277283,0.998658299446106,0.8566845059394836,0.9988895058631897
0.9126315712928772,0.9984300136566162,0.7980295419692993,0.9993358850479126
0.8421541452407837,0.9993181824684143,0.8856040835380554,0.9859026074409485
nan,1.0,0.9706239700317383,0.9986245036125183
nan,1.0,0.8594081997871399,0.9963816404342651
nan,1.0,0.8634567260742188,0.9991113543510437
nan,1.0,0.9823232293128967,0.9984895586967468
0.17306680977344513,1.0,0.7426108121871948,0.9923499226570129
0.0,1.0,0.8598917722702026,0.9999232292175293
0.3060869574546814,0.9999501705169678,0.9676375389099121,0.9952535033226013
0.9964672923088074,0.9959402680397034,0.0,1.0
nan,1.0,0.8289519548416138,0.9999228715896606
0.0,1.0,0.8800994753837585,0.9951234459877014
nan,1.0,0.9819023609161377,0.9988990426063538
0.9344120025634766,0.999123215675354,0.7564904689788818,0.9868621826171875
nan,1.0,0.9772658348083496,0.9949558973312378
0.9335171580314636,0.9957985877990723,0.9231334924697876,0.9966810941696167
nan,0.9991416931152344,0.9374337196350098,0.9998413324356079
0.9279486536979675,0.9991486668586731,nan,1.0
nan,1.0,0.6272178888320923,0.9908236265182495
0.9728986620903015,0.9987550973892212,nan,1.0
0.0,1.0,nan,0.98895263671875
0.9285714030265808,0.9976710081100464,0.587666928768158,0.9978436231613159
nan,1.0,0.8983691334724426,0.9972191452980042
nan,1.0,0.9788608551025391,0.9972727298736572
0.9717887043952942,0.997846245765686,0.9268615245819092,0.9942166209220886
0.9823556542396545,0.9986701607704163,nan,1.0
nan,1.0,0.9493775963783264,0.9990922808647156
0.883753776550293,0.9995372891426086,0.010750376619398594,1.0
0.9827655553817749,0.9916760325431824,0.8029486536979675,0.9935003519058228
0.7393601536750793,0.9989848732948303,0.9017896056175232,0.993496298789978
0.9682112336158752,0.9988016486167908,0.5797101259231567,0.9996251463890076
0.9291541576385498,0.9998745918273926,nan,1.0
nan,1.0,0.9853689670562744,0.9873861074447632
nan,1.0,0.14555615186691284,0.9999883770942688
0.9831162691116333,0.9975605607032776,0.8515358567237854,0.9957676529884338
nan,1.0,0.9473872780799866,0.9999036192893982
0.9866297841072083,0.9994187355041504,nan,1.0
0.11692015081644058,0.9998993277549744,0.8877848982810974,0.9802608489990234
0.9503890872001648,0.9985173344612122,0.9470361471176147,0.9965952038764954
nan,1.0,0.9530696272850037,0.9968599677085876
0.7472222447395325,0.9987147450447083,0.6234135031700134,0.9963943958282471
nan,1.0,0.9133196473121643,0.9968145489692688
0.8687363266944885,0.9975185990333557,0.7800810933113098,0.9902818202972412
nan,1.0,0.9163208603858948,0.9995992183685303
0.2760041058063507,0.9999538660049438,0.9222566485404968,0.9893109202384949
0.5634282827377319,0.9999961256980896,0.1662404090166092,0.9992659091949463
nan,1.0,0.6261197328567505,0.9909830093383789
nan,1.0,0.963925302028656,0.9926633834838867
0.9040590524673462,0.9995232224464417,0.8892757892608643,0.9996069669723511
0.9263386130332947,0.9970066547393799,nan,1.0
nan,1.0,0.9707927703857422,0.9996528625488281
nan,1.0,0.837893009185791,0.9990136027336121
nan,1.0,0.9790762066841125,0.9994299411773682
0.9789645671844482,0.9986553192138672,0.9118203520774841,0.9987437725067139
nan,1.0,0.8939536809921265,0.9991889595985413
nan,1.0,0.825734555721283,0.9984716176986694
0.9413320422172546,0.9986980557441711,0.6687448024749756,0.9967197775840759
nan,1.0,0.9910920262336731,0.9969395399093628
nan,1.0,0.9606497883796692,0.9987097978591919
nan,1.0,0.9340959787368774,0.9982709884643555
0.9539377689361572,0.9985429048538208,0.28973105549812317,0.9999310970306396
0.6536418795585632,0.9989177584648132,nan,0.9940376281738281
0.9413977861404419,0.9950845837593079,0.7861385941505432,0.9976633191108704
nan,1.0,0.9586001038551331,0.9981447458267212
0.9559831619262695,0.9967681169509888,0.7160894870758057,0.997636616230011
nan,0.9900550842285156,0.6864312887191772,0.99807208776474
0.938406229019165,0.9962800145149231,0.6487748026847839,0.995449423789978
0.9227577447891235,0.9956585168838501,0.13315217196941376,0.9999080300331116
0.10069283843040466,1.0,0.9536206722259521,0.9862099289894104
0.6114457845687866,0.9983265399932861,0.851361870765686,0.9963745474815369
0.23992837965488434,1.0,0.87553870677948,0.976172924041748
0.9652323126792908,0.9927983283996582,nan,1.0
0.8128224015235901,0.9993299841880798,0.92946857213974,0.9963046908378601
0.0,0.9902057647705078,0.6909746527671814,0.9976919293403625
nan,0.993072509765625,0.6501144170761108,0.9979943633079529
0.6779475808143616,0.99903804063797,0.7811764478683472,0.988969087600708
0.7667995095252991,0.9983363747596741,nan,1.0
0.7625230550765991,0.9947277307510376,0.7775909900665283,0.9883025884628296
0.98951256275177,0.9932530522346497,0.8602074980735779,0.9987804293632507
0.949671745300293,0.9988459348678589,0.9059261083602905,0.998119056224823
0.2804093658924103,0.9998724460601807,0.8057776093482971,0.9926161170005798
nan,1.0,0.9489778876304626,0.9974457621574402
nan,1.0,0.9180942177772522,0.9981527328491211
nan,1.0,0.9457642436027527,0.9901236295700073
nan,1.0,0.8960784077644348,0.9982438087463379
0.0,1.0,0.9875224232673645,0.9542904496192932
0.5218839049339294,0.9960013628005981,0.8352158069610596,0.9910259246826172
nan,1.0,0.9680412411689758,0.9982872605323792
nan,1.0,0.8484455943107605,0.9995495080947876
0.8397754430770874,0.9981748461723328,0.981587827205658,0.9979151487350464
nan,1.0,0.8183826208114624,0.9536615610122681
0.9924066662788391,0.991437554359436,0.6564404964447021,0.9969679117202759
nan,1.0,0.9260675311088562,0.999776303768158
0.8222482204437256,0.9995824694633484,nan,0.999451220035553
0.9512555599212646,0.9991008639335632,nan,1.0
nan,1.0,0.9893566966056824,0.9939910173416138
nan,1.0,0.9794520735740662,0.9994586110115051
0.6728817820549011,0.9980199933052063,0.6679487228393555,0.9780938625335693
nan,1.0,0.8959227204322815,0.9943094849586487
0.42118582129478455,0.9991826415061951,0.8859223127365112,0.9909898042678833
0.5902608633041382,0.9985690712928772,0.9461467266082764,0.9898723363876343
0.9805249571800232,0.9986926317214966,0.9390243887901306,0.9922645688056946
nan,1.0,0.844165027141571,0.9906361699104309
nan,1.0,0.9774620532989502,0.9990196228027344
nan,1.0,0.48521748185157776,0.9843061566352844
0.7408047318458557,0.9994536638259888,0.9415584206581116,0.9944577813148499
nan,1.0,0.9286956787109375,0.998957097530365
nan,1.0,0.8136394619941711,0.9987357258796692
0.0,1.0,0.6609442234039307,0.978393018245697
0.9564192891120911,0.9961246252059937,0.26988694071769714,0.9980371594429016
nan,1.0,0.9095462560653687,0.9988985657691956
nan,1.0,0.9703390002250671,0.9957219362258911
